scan,points_in,points_kept,read_ms,filter_ms,convert_ms,register_ms,transform_ms,integrate_ms,read_cpu_ms,filter_cpu_ms,convert_cpu_ms,register_cpu_ms,transform_cpu_ms,integrate_cpu_ms,rss_kb
0,65536,57269,8.2136,2.89841,2.59591,40.7214,4.60013,344.668,8.22684,2.90308,2.60255,40.7319,4.60791,344.423,57088
1,65536,57111,6.77479,2.27276,0.879569,143.412,4.51861,279.551,6.78353,2.27678,0.883009,438.126,4.52492,279.435,66152
2,65536,57021,5.18783,2.26412,0.845829,133.145,4.51064,278.826,5.1951,2.26772,0.848729,419.33,4.51795,278.672,73196
3,65536,57077,4.93589,2.18656,0.850869,175.516,4.52231,278.358,4.94498,2.19143,0.855159,608.676,4.53031,278.223,76892
4,65536,56870,4.89939,2.12925,0.902949,180.418,4.49008,276.908,4.90752,2.13498,0.908119,636.625,4.49718,276.724,78212
5,65536,56849,4.97962,2.17159,0.852649,271.82,4.46713,277.02,4.98964,2.18079,0.856499,1000.37,4.47453,276.886,80060
6,65536,56913,4.87206,2.21355,0.898529,355.977,4.45839,277.357,4.87982,2.21833,0.903419,1339.17,4.46364,277.255,81380
7,65536,56845,4.98072,2.27215,0.851328,584.79,4.51438,277.023,4.92247,2.27673,0.854839,2256.39,4.52252,276.845,82172
8,65536,57058,4.89336,2.21187,0.850009,200.29,4.52056,277.313,4.90103,2.21965,0.853288,720.853,4.52611,277.164,82700
9,65536,57260,4.90987,2.24937,0.860948,314.216,4.50064,279.11,4.91819,2.2532,0.864489,1173.99,4.50835,278.992,83756
10,65536,57244,5.0044,2.35673,0.847849,467.511,4.50454,278.686,5.01273,2.30975,0.851628,1788.91,4.5107,278.53,84020
11,65536,57069,4.98977,2.28302,0.858929,515.55,4.49464,276.906,4.99861,2.28749,0.862489,1972.7,4.50503,276.835,84284
12,65536,56860,5.05378,2.28872,0.835559,351.704,4.46666,275.985,4.99766,2.29409,0.838658,1325.9,4.47729,275.838,84548
13,65536,57051,4.97666,2.26799,0.856079,586.338,4.48331,276.558,4.98686,2.27295,0.859419,2261.43,4.49076,276.415,86132
14,65536,57094,4.96901,2.2845,0.854689,439.543,4.48683,276.805,4.97827,2.28957,0.857608,1678.8,4.4935,276.579,86132
15,65536,57406,4.94519,2.22367,0.860088,428.597,4.53613,278.149,4.95395,2.22849,0.863159,1635.14,4.54188,278.052,86132
16,65536,57465,4.93492,2.24251,0.848818,477.91,4.52689,278.135,4.94259,2.24586,0.852028,1830.53,4.5335,278.007,86132
17,65536,57277,4.91527,2.23008,0.98002,315.291,4.56346,277.314,4.92231,2.23492,0.984419,1157.12,4.57001,277.202,86924
18,65536,57011,4.89726,2.28274,0.851399,450.868,4.52847,275.926,4.90641,2.28638,0.854399,1725.53,4.53444,275.768,86924
19,65536,56997,4.85807,2.26525,0.859159,329.562,4.52973,276.233,4.86698,2.27444,0.862828,1239.56,4.53777,276.101,86924
20,65536,56950,5.00764,2.23111,0.906129,252.395,4.53582,275.914,4.96551,2.23501,0.910139,932.652,4.54556,275.744,86924
21,65536,57117,4.918,2.2573,0.848699,349.974,4.52728,276.949,4.92621,2.26099,0.852269,1315.48,4.53278,276.793,87452
22,65536,57196,4.91215,2.29088,0.868318,334.097,4.51196,277.241,4.92033,2.29865,0.871919,1259.16,4.51948,276.978,87452
23,65536,57036,4.87332,2.32992,0.848449,362.141,4.50465,276.38,4.88152,2.33472,0.851819,1366.58,4.5108,276.178,88244
24,65536,56726,4.86023,2.12323,0.884769,544.245,4.5057,274.107,4.86862,2.12851,0.889719,2097.45,4.51234,273.933,88244
25,65536,56721,4.95043,2.36552,1.03538,436.166,4.47323,274.435,4.95894,2.37103,1.04026,1650.55,4.47959,274.312,88508
26,65536,56873,4.90932,2.13576,0.840818,395.808,4.4634,275.218,4.91797,2.13999,0.844659,1501.38,4.46952,275.078,89036
27,65536,57126,4.85478,2.19055,0.849248,308.416,4.49613,275.869,4.86363,2.19576,0.852758,1155.61,4.5076,275.763,89036
28,65536,57137,4.81702,2.13634,0.868569,468.445,4.47214,275.723,4.82488,2.1407,0.871718,1726.13,4.47765,275.601,89036
29,65536,57197,4.83644,2.15672,0.915519,501.009,4.51222,276.35,4.84408,2.16045,0.920749,1920.8,4.5183,276.138,89828
30,65536,56945,4.8056,2.17674,0.851768,342.469,4.52646,275.283,4.81451,2.18535,0.855559,1292.73,4.53379,275.088,89828
31,65536,56956,4.83323,2.16795,0.851198,518.171,4.48761,275.672,4.84142,2.17232,0.854049,1992.8,4.49424,275.497,89828
32,65536,56949,4.8786,2.23147,0.848078,319.21,4.50706,276.534,4.88635,2.23497,0.851378,1184.54,4.5134,276.443,89828
33,65536,56930,5.01372,2.23862,0.951479,398.276,4.48796,274.952,5.02087,2.24217,0.95553,1514.94,4.49541,274.854,90356
34,65536,56858,5.04358,2.19289,0.846749,269.668,4.48549,275.241,4.98371,2.199,0.849759,999.381,4.49175,275.124,90356
35,65536,56643,4.94219,2.13758,0.880119,529.161,4.4646,274.34,4.94967,2.14162,0.884209,2034.44,4.47448,274.19,90356
36,65536,56494,4.93292,2.11315,0.895879,392.751,4.48324,273.602,4.9404,2.11709,0.900269,1488.31,4.48879,273.443,91148
37,65536,56115,4.9555,2.205,0.847708,398.044,4.44883,272.271,4.9631,2.20861,0.850798,1514.8,4.45513,272.117,91148
38,65536,56176,4.90433,2.25826,0.838548,396.504,4.44917,272.785,4.91275,2.26433,0.841319,1506.52,4.45678,272.656,91676
39,65536,56431,4.90167,2.21314,0.888999,552.636,4.44997,273.743,4.91086,2.21774,0.894359,2108.59,4.45677,273.566,91676
40,65536,56454,4.94003,2.26893,0.92934,311.378,4.4178,273.726,4.9484,2.27331,0.933679,1163.08,4.42441,273.468,92468
41,65536,56575,4.85392,2.27506,0.854569,356.557,4.43477,274.452,4.86272,2.27961,0.857309,1347.28,4.44581,274.173,92468
42,65536,56711,4.86458,2.27813,0.865149,467.285,4.4521,275.349,4.87229,2.28301,0.868248,1790.03,4.45876,275.035,92468
43,65536,56531,5.01861,2.20261,0.895889,486.291,4.43024,274.151,5.0272,2.20743,0.900739,1864.15,4.4368,273.988,92996
44,65536,56577,5.00624,2.19967,0.865959,328.964,4.4274,274.428,5.01487,2.20509,0.870249,1234.89,4.43488,274.25,93524
45,65536,56585,5.07141,2.17532,0.867719,681.316,4.58658,274.319,5.08114,2.1806,0.870988,2645.93,4.48954,274.193,93524
46,65536,56443,5.03874,2.28299,0.847798,397,4.46025,273.535,5.04842,2.28802,0.851078,1489.38,4.46622,273.321,93524
47,65536,56563,5.06601,2.19433,0.865559,418.656,4.45987,273.859,5.07511,2.19978,0.868668,1597.01,4.46591,273.707,93524
48,65536,56463,5.06075,2.1265,0.837218,362.09,4.42663,273.475,5.06889,2.13099,0.839919,1366.59,4.43233,273.383,94316
49,65536,56659,5.06024,2.13632,0.840588,518.078,4.46973,274.987,5.06923,2.14067,0.843869,1989.48,4.47666,274.648,94316
50,65536,56687,5.10116,2.28782,0.864899,475.481,4.4663,274.474,5.10927,2.29705,0.868138,1819.8,4.47429,274.351,95636
51,65536,56912,5.08219,2.2053,0.853269,454.928,4.48067,275.593,5.0918,2.20952,0.861539,1740.17,4.48707,275.391,95636
52,65536,56863,5.14464,2.1646,0.896939,400.737,4.4703,275.649,5.08858,2.16843,0.901629,1523.35,4.47721,275.517,95636
53,65536,56773,5.07532,2.21818,0.838808,502.316,4.49512,275.833,5.08449,2.22608,0.842539,1908.52,4.5009,275.506,95636
54,65536,56491,5.06245,2.19357,0.890598,371.026,4.45229,274.137,5.07367,2.19782,0.895509,1405.94,4.45868,273.971,95636
55,65536,56521,5.09544,2.24338,0.833719,298.78,4.44186,274.566,5.10445,2.24846,0.836748,1118,4.44856,274.37,95636
56,65536,56542,5.09506,2.1924,0.842618,444.488,4.45065,274.894,5.10344,2.19663,0.845469,1699.57,4.4575,274.565,95636
57,65536,56545,5.07784,2.18279,0.841998,360.435,4.44458,274.417,5.09088,2.18714,0.845048,1361.31,4.45209,274.241,95636
58,65536,56542,5.07736,2.12483,0.866129,446.867,4.48552,274.527,5.08557,2.12881,0.868948,1706.9,4.4923,274.403,96428
59,65536,56612,5.09576,2.10715,0.849168,647.583,4.45197,274.923,5.10335,2.11079,0.852488,2510.81,4.4593,274.747,96428
60,65536,56751,5.09157,2.13969,0.835358,474.224,4.45455,275.385,5.10066,2.14461,0.839418,1796.21,4.45982,275.188,96428
61,65536,56637,5.07089,2.14274,0.847328,407.53,4.45672,275.236,5.07984,2.147,0.850579,1551.85,4.46216,275.017,96428
62,65536,56818,5.06127,2.10088,0.899379,480.902,4.48417,275.867,5.06935,2.10505,0.903469,1839.57,4.491,275.698,97748
63,65536,56920,5.07795,2.15775,0.887509,333.381,4.49901,275.712,5.08758,2.16287,0.891099,1251.49,4.5051,275.533,97748
64,65536,56791,5.07141,2.12081,0.890869,354.898,4.46493,275.366,5.07928,2.12484,0.896059,1342.11,4.47152,275.081,97748
65,65536,56715,5.07926,2.118,0.846838,594.599,4.47351,274.988,5.08564,2.1217,0.849678,2297.68,4.4802,274.83,97748
66,65536,56383,5.05425,2.25822,0.845198,424.231,4.44373,273.624,5.06265,2.26265,0.848848,1617.49,4.4506,273.455,97748
67,65536,56385,5.08352,2.31469,1.13394,487.729,4.47417,273.682,5.09205,2.31965,1.14067,1870.67,4.48042,273.481,97748
68,65536,56333,5.12421,2.12767,0.828738,438.256,4.43908,273.364,5.13286,2.13165,0.832378,1672.48,4.44904,273.205,97748
69,65536,56397,5.10316,2.13051,0.864298,382.774,4.45749,273.391,5.06022,2.13407,0.867488,1450.6,4.46508,273.202,98540
70,65536,56419,5.05311,2.15318,0.907569,355.126,4.4579,273.466,5.06117,2.15757,0.912599,1339.6,4.4639,273.327,98540
71,65536,56344,5.03819,2.18345,0.844848,661.35,4.45153,273.619,5.04727,2.19258,0.848198,2564.87,4.45869,273.326,98540
72,65536,56321,5.03398,2.14789,0.833908,273.782,4.46753,273.677,5.04364,2.15366,0.837688,1017.65,4.47438,273.543,98540
73,65536,56197,5.03697,2.15201,0.840259,390.543,4.41566,272.911,5.04712,2.1608,0.843508,1481.93,4.42087,272.744,98540
74,65536,56276,5.04003,2.22759,0.831258,400.773,4.42426,273.182,5.04951,2.23267,0.835049,1500.59,4.43105,272.93,99860
75,65536,56375,5.03964,2.2466,0.836288,458.94,4.43249,273.605,5.04661,2.25078,0.839499,1756.93,4.43799,273.409,99860
76,65536,56413,5.0449,2.25572,0.832788,462.255,4.43225,273.61,5.05478,2.26067,0.836509,1772.26,4.43867,273.359,99860
77,65536,56426,5.0915,2.25407,0.905359,382.109,4.45438,273.556,5.0985,2.25936,0.909579,1452.04,4.46175,273.429,99860
78,65536,56053,5.03186,2.19826,0.818938,378.759,4.42511,271.439,5.04101,2.20217,0.821898,1435.95,4.43206,271.147,99860
79,65536,56290,5.01474,2.2489,0.827738,407.265,4.49817,271.866,5.02794,2.25366,0.831208,1552.71,4.46056,271.725,99860
80,65536,56429,4.91911,2.24289,0.850009,349.756,4.45021,272.165,4.92901,2.24726,0.853139,1319.5,4.45599,271.994,100388
81,65536,56411,5.01069,2.33945,0.851308,324.553,4.42304,271.693,5.01957,2.29052,0.854668,1199.66,4.43048,271.551,100388
82,65536,56395,4.99934,2.24801,0.840239,331.894,4.42395,271.836,5.008,2.25311,0.844248,1249.66,4.432,271.667,100652
83,65536,56347,4.99337,2.18931,0.836819,416.632,4.46313,271.525,5.00214,2.19418,0.839979,1587.6,4.47015,271.308,100652
84,65536,56509,5.02716,2.23152,0.896649,435.246,4.46193,272.184,5.03429,2.23638,0.900399,1661.27,4.46948,271.979,101180
85,65536,56464,5.02862,2.25228,0.891739,706.84,4.42518,271.722,5.0376,2.25958,0.895809,2739.98,4.43216,271.63,101180
86,65536,56681,5.02434,2.24091,0.819518,383.326,4.47117,272.688,5.0329,2.24403,0.822938,1456.69,4.47799,272.507,101180
87,65536,56882,5.01288,2.11958,0.890859,364.701,4.62952,272.722,5.02117,2.12335,0.900429,1381.23,4.52167,272.611,101180
88,65536,56576,4.99929,2.17358,0.831708,679.051,4.43909,271.022,5.00939,2.17885,0.834478,2611.56,4.44557,270.842,101972
89,65536,56243,5.0084,2.15606,0.828038,393.41,4.41304,268.8,5.01716,2.16072,0.831398,1498.17,4.41942,268.632,101972
90,65536,55948,5.03148,2.11413,0.859509,562.068,4.3847,267.287,5.04002,2.11887,0.865028,2171.07,4.39111,267.138,101972
91,65536,55979,5.00578,2.14343,0.832298,758.037,4.44731,266.881,5.01519,2.14902,0.835828,2953.17,4.45437,266.651,101972
92,65536,56134,5.02977,2.1166,0.875969,339.435,4.46488,266.716,5.038,2.12131,0.880589,1281.46,4.47103,266.589,101972
93,65536,56097,5.06952,2.11894,0.815668,305.698,4.42976,266.012,5.07787,2.12331,0.819159,1145.93,4.43607,265.937,101972
94,65536,55960,5.1126,2.25722,0.885209,403.592,4.53777,267.732,5.05776,2.15052,0.887999,1537.69,4.49219,267.63,101972
95,65536,55867,4.87983,2.17923,0.859398,542.055,4.41202,264.743,4.88788,2.18319,0.867919,2083.45,4.41917,264.586,101972
96,65536,55914,5.01665,2.17901,0.816838,492.303,4.55382,264.802,5.0255,2.18355,0.819699,1891.52,4.44977,264.704,102500
97,65536,55924,4.97547,2.24069,0.824158,332.149,4.42263,264.61,4.98474,2.24508,0.827738,1251.84,4.4298,264.445,102500
98,65536,56167,4.98086,2.20138,0.839308,694.435,4.51286,265.203,5.012,2.20676,0.842839,2700.93,4.47189,265.056,102500
99,65536,56178,4.96749,2.19496,0.845868,394.528,4.48327,264.912,4.97543,2.19881,0.849208,1502.14,4.44767,264.795,102500
100,65536,56222,4.98697,2.1831,0.838329,547.292,4.43142,264.001,4.99518,2.18667,0.841348,2111.61,4.43874,263.878,102500
101,65536,55862,4.97948,2.19424,0.818178,390.138,4.42733,262.057,4.98844,2.19804,0.822208,1458.88,4.4347,261.872,102500
102,65536,56058,4.93343,2.17946,0.873068,384.023,4.39963,262.221,4.94587,2.18399,0.878169,1458.93,4.40637,262.088,103292
103,65536,55909,5.0229,2.17311,0.898119,508.621,4.41513,261.265,4.98814,2.1766,0.901019,1957.29,4.42047,261.18,103292
104,65536,55858,5.05814,2.22111,0.826728,415.184,4.39592,260.824,4.9988,2.22507,0.829958,1583.35,4.40258,260.62,103292
105,65536,55881,5.00913,2.18573,0.827358,303.143,4.39358,260.772,5.01801,2.1909,0.830308,1136.58,4.40036,260.602,103292
106,65536,55981,5.03824,2.19991,0.815348,654.078,4.40779,260.93,5.04667,2.20406,0.818828,2540,4.41468,260.779,103292
107,65536,55815,4.97556,2.21951,0.861729,449.863,4.38962,260.008,4.98274,2.22337,0.869628,1721.69,4.4002,259.887,103820
108,65536,55649,5.03898,2.26698,0.844028,550.323,4.38235,259.346,5.04859,2.27188,0.847168,2088.46,4.38808,259.123,103820
109,65536,55950,4.99897,2.21621,0.876009,355.788,4.39404,260.092,5.0077,2.22073,0.880958,1347.08,4.3995,259.984,104348
110,65536,56157,5.05778,2.24351,0.835498,440.912,4.46704,260.796,5.06625,2.24758,0.843098,1688.73,4.47447,260.651,104348
111,65536,56088,5.03339,2.27039,0.867138,504.374,4.42855,259.894,5.04553,2.27446,0.871748,1940.63,4.4345,259.77,104348
112,65536,55992,5.02621,2.18772,0.832208,374.809,4.50317,259.006,5.03398,2.19186,0.835388,1424.46,4.46841,258.914,104348
113,65536,55778,5.07786,2.11776,0.826649,690.031,4.466,257.742,5.08723,2.12199,0.830228,2685.51,4.42191,257.612,104348
114,65536,55722,5.05323,2.12401,0.873039,266.023,4.36494,257.409,5.06034,2.12798,0.877939,991.093,4.37197,257.284,104348
115,65536,55820,5.05321,2.24276,0.902589,351.082,4.45533,257.88,5.06173,2.24715,0.907949,1309.17,4.4615,257.761,104348
116,65536,55858,5.04936,2.26433,0.833188,349.035,4.39004,257.862,5.06245,2.27,0.836588,1319.94,4.39621,257.745,104348
117,65536,55840,4.95859,2.27784,0.840628,685.49,4.39861,257.569,4.96799,2.28304,0.843799,2666.1,4.40382,257.369,104348
118,65536,56058,4.99293,2.27035,0.831238,588.877,4.39283,259.005,5.00226,2.27488,0.834828,2280.57,4.4001,258.916,104348
119,65536,55984,4.99336,2.1897,0.830709,394.967,4.45658,258.333,5.00287,2.19353,0.834739,1503.53,4.46335,258.22,105140
120,65536,55769,4.94595,2.14164,0.870018,501.089,4.38147,257.123,4.95421,2.14614,0.874829,1928.47,4.38775,257.004,105140
121,65536,55941,5.0619,2.14738,0.816609,365.559,4.39158,257.638,5.07083,2.15192,0.820168,1387.56,4.39781,257.546,105140
122,65536,56012,5.05931,2.14404,0.829029,297.634,4.38313,258.049,5.07138,2.14844,0.832678,1095.07,4.39081,257.928,105140
123,65536,55865,5.07728,2.22105,0.833228,504.081,4.46279,256.57,5.03473,2.22529,0.837118,1942.46,4.46903,256.386,105140
124,65536,55861,5.04529,2.25258,0.851278,514.881,4.4169,256.175,5.05424,2.257,0.854529,1985.71,4.42393,256.055,105140
125,65536,55539,5.05189,2.25439,0.862608,493.652,4.40317,254.369,5.00114,2.25824,0.865619,1899.53,4.41019,254.215,105140
126,65536,55534,4.99409,2.14671,0.833598,373.024,4.39769,254.043,5.00414,2.15127,0.837639,1420.2,4.40461,253.836,105140
127,65536,55847,4.9817,2.1665,0.840948,340.772,4.37332,255.423,4.99075,2.17128,0.844679,1287.64,4.38013,255.274,105668
128,65536,55980,5.01999,2.13295,0.844729,615.942,4.46574,255.38,5.03098,2.13788,0.848859,2385.46,4.47345,255.283,105668
129,65536,55983,5.05549,2.14332,0.833759,247.159,4.48112,255.253,5.06621,2.14813,0.836678,895.229,4.48795,255.123,105668
130,65536,55892,5.02254,2.11613,0.826898,275.029,4.38714,254.101,5.03261,2.12182,0.831498,1025.39,4.39306,254.023,106460
131,65536,55935,5.1082,2.06416,0.835759,549.283,4.41619,253.999,5.065,2.06752,0.838448,2127.01,4.42317,253.901,106460
132,65536,55812,5.06708,2.06388,0.827528,397.47,4.44894,252.66,5.07535,2.07214,0.830729,1519.11,4.45549,252.549,106460
133,65536,56063,5.05994,2.13041,0.820418,595.545,4.49451,253.396,5.06955,2.13497,0.823688,2306.99,4.45404,253.244,106460
134,65536,56090,5.00992,2.07747,0.882439,335.041,4.41965,253.193,5.01796,2.08171,0.887179,1272.96,4.42678,253.054,106724
135,65536,55917,4.98192,2.11793,0.827358,600.546,4.40233,251.62,4.99113,2.12603,0.831088,2332.61,4.40854,251.486,106724
136,65536,55927,4.95078,2.11274,0.816018,486.113,4.40119,251.114,4.95967,2.11763,0.819698,1852.66,4.42434,251.048,107252
137,65536,55403,4.98615,2.08824,0.819568,576.015,4.38612,248.612,4.99402,2.0919,0.823239,2236.58,4.39225,248.565,107252
138,65536,55445,5.02972,2.14492,0.823659,371.048,4.3768,249.076,5.03801,2.1484,0.827348,1413.53,4.38258,249.006,107252
139,65536,55636,4.92377,2.14285,0.826778,307.606,4.39643,249.04,4.93207,2.14652,0.829828,1163.1,4.40231,248.911,107252
140,65536,55656,5.08295,2.10764,0.889689,321.361,4.36299,248.879,5.09108,2.11138,0.892559,1218.3,4.36938,248.776,107252
141,65536,55662,5.07139,2.22326,0.839288,442.286,4.53899,248.859,5.01921,2.22746,0.842628,1702.48,4.39306,248.814,107252
142,65536,55538,5.02873,2.23828,0.824118,386.265,4.38316,248.007,5.03812,2.24315,0.827638,1476.94,4.38867,247.954,107252
143,65536,55370,5.05467,2.2209,0.852689,555.984,4.35359,246.596,5.00442,2.22502,0.856219,2134.62,4.35932,246.544,107252
144,65536,55114,5.02762,2.15561,0.871398,365.074,4.3359,245.196,5.03499,2.15993,0.876298,1394.9,4.34254,245.127,107252
145,65536,55418,5.01829,2.16098,0.809078,344.087,4.36882,246.959,5.02727,2.16518,0.812609,1306.49,4.37542,246.86,108044
146,65536,55397,5.05491,2.17011,0.807358,386.366,4.35202,245.75,5.06291,2.17374,0.810268,1479.91,4.35911,245.699,108044
147,65536,55295,5.04554,2.16791,0.803408,297.938,4.37301,244.868,5.05455,2.17179,0.806668,1124.76,4.37922,244.771,108044
148,65536,55380,4.97366,2.17202,0.807228,401.333,4.34636,243.741,4.98176,2.17585,0.810378,1540.27,4.35235,243.513,108044
149,65536,54851,5.03302,2.19927,0.842578,806.316,4.3133,241.529,5.0409,2.20311,0.845588,3158.19,4.31941,241.413,108044
150,65536,54967,4.98355,2.18271,0.810648,340.495,4.35755,242.981,4.99309,2.18698,0.813888,1296.56,4.36436,242.896,108044
151,65536,55229,5.01658,2.20525,0.820369,304.741,4.3479,241.891,5.02509,2.20922,0.823208,1155.23,4.35544,241.845,108044
152,65536,55200,4.99286,2.20288,0.811688,299.989,4.33665,241.272,5.00197,2.20715,0.815498,1130.18,4.34254,241.116,108308
153,65536,55022,5.04333,2.20509,0.810028,400.227,4.35184,240.273,5.05225,2.2106,0.813618,1536.51,4.35753,240.143,108308
154,65536,54786,4.97368,2.13947,0.797458,375.617,4.37609,238.774,4.98124,2.14333,0.800818,1436.61,4.4144,238.693,108308
155,65536,54708,5.06824,2.08756,0.806048,441.997,4.30327,238.141,5.07664,2.09173,0.810019,1704.07,4.31356,237.982,108308
156,65536,54905,5.0001,2.08106,0.816108,296.24,4.43367,237.948,5.00792,2.08489,0.819178,1120.86,4.39793,237.856,108572
157,65536,54909,5.21553,2.12256,0.814428,287.21,4.31512,238.042,5.13795,2.12703,0.818018,1086.51,4.3207,237.989,108572
158,65536,54899,4.98311,2.05649,0.944439,345.545,4.3292,237.252,4.99159,2.06197,0.900289,1318.95,4.3358,237.094,108572
159,65536,54676,4.9769,2.09491,0.811748,298.1,4.37273,235.514,4.98462,2.09943,0.815048,1107.98,4.38033,235.434,108572
160,65536,54486,5.02832,2.11031,0.807428,375.323,4.34577,234.903,5.03739,2.11397,0.810548,1436.37,4.3523,234.769,109100
161,65536,54328,4.95806,2.06087,0.854598,588.851,4.34067,233.548,4.96505,2.0646,0.858999,2291.95,4.34772,233.465,109100
162,65536,54538,4.9982,2.02021,0.785658,279.144,4.30697,233.935,5.00687,2.02449,0.788738,1050.35,4.3148,233.886,109628
163,65536,54528,4.9732,2.10953,0.795898,138.321,4.27492,233.71,4.98142,2.1141,0.798828,493.683,4.28221,233.595,109628
164,65536,54361,4.98237,2.1125,0.806358,347.947,4.26793,232.595,4.99139,2.11727,0.809628,1331.73,4.27372,232.514,109628
165,65536,54361,4.99587,2.20712,0.817268,376.024,4.25324,232.123,5.00824,2.16255,0.820158,1444.19,4.26047,232.055,109628
166,65536,54464,5.04244,2.13335,0.796068,570.121,4.27922,232.595,5.05059,2.13819,0.799048,2207.31,4.28529,232.548,110420
167,65536,54473,5.00584,2.20096,0.814558,227.96,4.27612,233.041,5.01559,2.2054,0.818729,852.373,4.28342,232.991,110420
168,65536,54503,4.93793,2.15678,0.836289,347.608,4.30137,232.087,4.94575,2.16178,0.840768,1332.2,4.30744,231.971,110420
169,65536,54541,4.98122,2.07766,0.851119,198.101,4.37658,231.992,4.98874,2.08145,0.855818,732.01,4.33705,231.93,110948
170,65536,54481,4.98666,2.07676,0.803499,296.256,4.28249,231.497,5.04542,2.08208,0.806208,1125.05,4.2903,231.446,110948
171,65536,54254,5.0283,2.07214,0.795318,188.256,4.24258,230.11,5.03652,2.07621,0.798248,695.329,4.24879,229.984,110948
172,65536,53921,4.92964,2.09123,0.807618,459.131,4.21961,228.34,4.93846,2.09552,0.811918,1778.45,4.22543,228.258,110948
173,65536,53879,4.99775,2.0926,0.784518,189.905,4.22546,228.046,5.00643,2.0971,0.787558,702.416,4.23333,227.966,110948
174,65536,53972,4.93253,2.04298,0.780048,321.738,4.23389,228.344,4.9404,2.04716,0.784048,1229.67,4.24046,228.295,110948
175,65536,53919,4.96769,2.14817,0.787238,136.361,4.21754,228.153,4.97719,2.15279,0.794138,483.626,4.22352,228.069,110948
176,65536,53973,4.99385,2.08334,0.789518,165.221,4.24256,228.074,5.00245,2.08661,0.792418,605.459,4.24856,228.008,110948
177,65536,53727,4.9433,2.11252,0.788558,299.528,4.20858,227.333,4.9517,2.11631,0.791068,1140.11,4.21854,227.266,110948
178,65536,53518,4.93087,2.12006,0.810628,159.049,4.18672,226.128,4.9381,2.12393,0.815318,580.911,4.19358,226.068,110948
179,65536,53612,4.97102,2.16913,0.773248,321.639,4.22186,226.4,4.98033,2.17385,0.776648,1227.81,4.22893,226.31,111740
180,65536,53447,4.95225,2.17663,0.788488,176.219,4.17279,225.605,4.96161,2.18138,0.792418,649.329,4.17933,225.543,111740
181,65536,53257,4.9153,2.14823,0.851829,191.17,4.16349,224.703,4.92268,2.15272,0.857288,710.33,4.17039,224.656,111740
182,65536,53233,5.00667,2.10864,0.829708,318.613,4.1951,224.631,5.01424,2.11355,0.835019,1217.7,4.20256,224.49,111740
183,65536,52883,4.97963,2.12105,0.819668,125.712,4.17533,222.977,4.98839,2.12953,0.824149,448.797,4.18112,222.889,111740
184,65536,53031,4.94612,2.19058,0.808328,188.118,4.18286,223.461,4.95379,2.1599,0.811628,697.645,4.18904,223.414,112268
185,65536,53263,4.94311,2.15179,0.795688,102.657,4.23263,224.889,4.95213,2.15538,0.798958,354.518,4.23789,224.79,112268
186,65536,53344,4.93358,2.1679,0.780277,168.567,4.18279,225.029,4.94092,2.17195,0.787027,620.617,4.18904,224.95,112268
187,65536,53284,5.0601,2.1271,0.781438,112.676,4.23039,224.859,5.01591,2.13038,0.784188,396.597,4.23698,224.793,112268
188,65536,53340,4.98015,2.15991,0.790748,105.926,4.18111,225.384,4.93422,2.16427,0.793638,370.566,4.18973,225.291,112268
189,65536,53179,4.96767,2.1496,0.774168,135.397,4.18317,224.888,4.9754,2.15371,0.777258,484.415,4.18797,224.827,113060
190,65536,53183,4.93912,2.07476,0.778078,96.8417,4.17799,224.755,4.94718,2.07903,0.781468,325.375,4.18437,224.703,113060
191,65536,53572,4.96551,2.04566,0.786418,237.748,4.22764,226.542,4.97388,2.05352,0.789088,896.211,4.23218,226.46,113060
192,65536,53726,4.90847,2.0635,0.784818,179.322,4.2077,227.058,4.91598,2.06793,0.787998,663.466,4.21409,226.913,113060
193,65536,53543,4.97129,2.09089,0.813049,66.7926,4.21598,226.163,4.98062,2.09557,0.816769,213.521,4.22176,226.113,113060
194,65536,53295,4.97345,2.05277,0.769248,157.001,4.18786,225.256,4.9332,2.05676,0.772697,574.429,4.1932,225.128,113060
195,65536,53288,4.98991,2.10507,0.808039,119.337,4.26284,225.112,4.99798,2.10943,0.811538,423.064,4.22139,225.046,113060
196,65536,53328,4.94244,2.07434,0.772227,145.718,4.17678,224.847,4.95016,2.07868,0.775518,529.603,4.18291,224.779,113060
197,65536,53457,4.93506,2.11003,0.776068,107.006,4.28265,225.535,4.9477,2.1147,0.778937,373.887,4.23502,225.453,113060
198,65536,53531,4.93974,2.09624,0.774297,72.8753,4.33735,226.049,4.94848,2.10216,0.777648,236.429,4.29616,225.87,113324
199,65536,53511,4.95306,2.05518,0.793758,147.657,4.21107,225.721,4.96336,2.06019,0.797188,537.099,4.21802,225.648,113324
200,65536,53484,4.94759,2.03059,0.775298,68.3173,4.22088,225.831,4.95413,2.03513,0.778587,219.048,4.22658,225.783,113324
201,65536,53121,4.96529,2.08631,0.865839,56.6945,4.17744,224.081,4.97515,2.0911,0.869279,172.043,4.18455,224.031,113588
202,65536,53155,4.95593,1.99323,0.782818,113.398,4.17627,224.531,4.96386,1.99762,0.790528,399.009,4.18189,224.404,113588
203,65536,53195,4.93992,2.04824,0.788938,101.358,4.18978,225.1,4.94812,2.05281,0.792027,351.843,4.19543,225.046,113588
204,65536,53099,4.94171,1.99802,0.832139,163.073,4.16503,224.613,4.95015,2.0028,0.836858,597.759,4.17256,224.438,113852
205,65536,53114,4.93296,2.03183,0.831908,150.857,4.24205,224.355,4.94039,2.03695,0.836489,547.56,4.20479,224.266,114380
206,65536,52688,4.89075,2.01764,0.771947,106.717,4.13595,222.187,4.89734,2.02251,0.775077,373.361,4.14306,222.09,114380
207,65536,52901,4.92374,2.00314,0.822929,166.655,4.17309,223.109,4.93157,2.00755,0.828409,611.232,4.18072,223.044,114380
208,65536,53129,5.02471,2.16266,0.782048,115.701,4.1712,224.067,4.97895,2.16755,0.785408,408.826,4.17943,224.002,114380
209,65536,53142,4.96701,2.10892,0.770617,214.127,4.20593,223.925,4.98007,2.11333,0.774518,800.027,4.21089,223.858,114644
210,65536,53358,4.96227,2.18484,0.803558,114.585,4.26172,225.133,4.97012,2.18968,0.807738,404.924,4.26803,225.007,114644
211,65536,53618,4.95002,2.16422,0.779648,141.142,4.21133,225.867,4.95863,2.16815,0.782508,509.207,4.22282,225.79,114644
212,65536,53554,4.95975,2.17852,0.800088,163.856,4.20411,225.598,4.96765,2.18286,0.803408,601.876,4.21011,225.551,114644
213,65536,53691,4.9494,2.17784,0.799828,180.072,4.2164,226.312,4.95997,2.18344,0.802868,661.81,4.22383,226.233,115436
214,65536,54025,4.92862,2.18627,0.788448,111.059,4.2278,227.862,4.937,2.19144,0.792408,390.231,4.23296,227.747,115436
215,65536,54235,4.91454,2.20959,0.827328,92.8644,4.33425,228.779,4.92263,2.21408,0.830978,317.098,4.29404,228.698,115436
216,65536,54258,4.93994,2.07393,0.788158,217.925,4.31053,229.213,4.94806,2.07794,0.791168,815.542,4.31663,229.161,115436
217,65536,54166,4.87342,2.11602,0.803218,240.578,4.28936,228.649,4.8823,2.12042,0.806509,906.859,4.29594,228.598,115436
218,65536,53618,4.9131,2.03092,0.777048,139.045,4.21024,226.354,4.922,2.03504,0.780348,501.746,4.21772,226.265,115436
219,65536,53780,4.92959,2.06478,0.783168,177.318,4.23499,227.166,4.93894,2.06991,0.785998,651.583,4.24217,227.117,115964
220,65536,53962,4.92096,2.08771,0.792788,77.472,4.26207,228.162,4.9297,2.09703,0.797018,255.574,4.26856,228.112,115964
221,65536,53833,4.99391,2.02365,0.832278,117.313,4.24004,227.862,4.94112,2.02773,0.836898,414.837,4.24642,227.758,116228
222,65536,53890,4.93512,2.06573,0.795458,105.938,4.26943,227.737,4.94437,2.07102,0.799138,368.509,4.27544,227.688,116228
223,65536,53990,4.94665,2.03736,0.785788,253.838,4.22985,228.436,4.95442,2.04183,0.804728,956.057,4.23637,228.381,117020
224,65536,53948,5.03578,2.07983,0.832729,89.6485,4.22493,228.877,4.97643,2.08521,0.835988,304.377,4.23019,228.792,117020
225,65536,54014,4.96066,2.14885,0.795498,95.9554,4.24047,229.001,4.96992,2.15406,0.799468,328.204,4.24609,228.887,117284
226,65536,54279,4.94403,2.08591,0.805498,105.338,4.32471,230.085,4.95165,2.09034,0.809219,362.584,4.33043,230.014,117548
227,65536,53925,4.94915,2.11154,0.777898,146.548,4.23684,228.522,4.95836,2.11659,0.781548,531.51,4.24293,228.473,117548
228,65536,53761,4.99892,2.09127,0.801468,132.034,4.21509,228.014,4.9416,2.09613,0.804368,473.105,4.22227,227.938,117548
229,65536,53379,4.97175,2.0985,0.771118,78.4395,4.19066,226.424,4.98234,2.10306,0.774558,258.648,4.20074,226.377,117548
230,65536,53697,4.92182,2.03831,0.780178,149.161,4.2318,228.087,4.92865,2.04253,0.783908,521.642,4.23807,228.007,118868
231,65536,53751,4.90023,2.12742,0.788138,65.559,4.26274,228.602,4.90842,2.13172,0.791798,208.199,4.26989,228.518,118868
232,65536,53874,4.92929,2.18075,0.838109,145.141,4.34579,229.094,4.93715,2.18478,0.842848,525.889,4.30481,229.017,118868
233,65536,53975,4.92473,2.23494,0.802348,125.165,4.25033,229.624,4.93387,2.24003,0.805468,442.392,4.25665,229.551,118868
234,65536,53954,4.98813,2.19359,0.795838,80.1788,4.25188,229.782,4.99722,2.19834,0.799148,265.716,4.25908,229.708,118868
235,65536,54040,4.92843,2.12256,0.838048,121.944,4.27471,230.369,4.93588,2.12648,0.842279,427.176,4.2804,230.261,119660
236,65536,53831,4.96862,2.18323,0.788438,115.434,4.26451,229.188,4.97619,2.18778,0.791728,406.822,4.26972,229.08,119660
237,65536,53855,4.95831,2.17107,0.788458,195.936,4.24789,229.55,4.96751,2.17537,0.791878,728.169,4.25425,229.487,119660
238,65536,53826,4.9386,2.0725,0.837968,133.852,4.23997,229.69,4.94602,2.07635,0.841929,478.228,4.24583,229.624,120188
239,65536,53824,4.9449,2.0677,0.865539,118.429,4.25471,229.896,4.95246,2.07221,0.869689,416.98,4.26133,229.819,120188
240,65536,53704,4.94272,2.1026,0.792288,111.38,4.25073,229.58,4.95057,2.10642,0.795678,390.601,4.25585,229.53,120188
241,65536,53659,4.95663,2.10756,0.786818,114.192,4.23642,229.362,4.96671,2.11186,0.790628,399.886,4.24282,229.314,120188
242,65536,53542,4.92258,2.114,0.779988,112.18,4.2321,229.068,4.93186,2.12315,0.784077,393.403,4.23913,228.935,120188
243,65536,53488,4.97599,2.05768,0.769998,85.3763,4.23372,229.418,4.98355,2.06183,0.772948,286.614,4.24029,229.36,120188
244,65536,53637,4.86808,2.16993,0.798908,210.253,4.22884,229.638,4.87645,2.18,0.802498,744.295,4.23469,229.588,120716
245,65536,53724,4.99905,2.13688,0.780318,124.411,4.22002,230.067,5.00728,2.14055,0.783158,440.095,4.22702,229.922,120716
246,65536,53854,4.8835,2.18058,0.791588,178.37,4.22295,230.971,4.89129,2.18433,0.794468,656.983,4.22902,230.845,120716
247,65536,53609,4.93128,2.10546,0.777678,146.104,4.23303,230.076,4.93917,2.10906,0.781078,525.753,4.23885,230,121508
248,65536,53633,4.94361,2.15649,0.91257,203.099,4.22201,230.378,4.95134,2.16161,0.869208,755.039,4.22972,230.253,121508
249,65536,53827,4.9184,2.17724,0.792008,135.606,4.23065,231.059,4.92732,2.18294,0.795068,486.927,4.2371,231.011,121508
250,65536,54038,4.99417,2.19593,0.801108,154.41,4.26579,232.263,5.00343,2.20155,0.804699,560.601,4.2726,232.214,121508
251,65536,53969,4.90579,2.05825,0.836379,194.48,4.23628,232.141,4.91401,2.06302,0.841029,719.886,4.24298,232.029,121508
252,65536,53495,4.94294,2.0549,0.802168,116.164,4.2058,230.367,4.95127,2.05889,0.805288,406.643,4.21332,230.25,121772
253,65536,53330,4.92697,2.17279,0.790008,241.973,4.1879,229.646,4.93592,2.17742,0.793768,909.381,4.19274,229.566,122036
254,65536,53345,4.94274,2.10863,0.815698,150.963,4.19079,229.706,4.9514,2.11693,0.819148,548.294,4.19646,229.658,122036
255,65536,53544,4.93264,2.06161,0.773478,246.641,4.21036,231.385,4.94052,2.06559,0.776798,928.307,4.21709,231.29,122036
256,65536,53588,4.92911,2.19284,0.833549,163.877,4.27028,231.101,4.93602,2.19831,0.837009,596.182,4.2757,230.931,122828
257,65536,53709,4.93892,2.19008,0.806878,155.485,4.27401,231.817,4.94697,2.19381,0.810438,563.079,4.2802,231.711,122828
258,65536,53861,4.90706,2.13195,0.846619,164.76,4.26423,232.439,4.91476,2.1364,0.851348,600.202,4.27045,232.345,123356
259,65536,53659,4.96695,2.18148,0.787718,157.309,4.24565,231.799,4.97609,2.18624,0.790848,572.494,4.25234,231.698,123356
260,65536,53890,4.9271,2.14188,0.789608,95.2296,4.23737,233.004,4.93442,2.14562,0.792368,323.668,4.24417,232.954,123356
261,65536,53972,4.93611,2.12569,0.845749,192.467,4.24951,233.471,4.94392,2.13002,0.849768,709.405,4.25596,233.385,124148
262,65536,54100,4.9486,2.12516,0.792308,156.335,4.28008,233.711,4.95838,2.13031,0.796088,567.114,4.28689,233.603,124148
263,65536,53844,4.89582,2.1119,0.808349,200.646,4.22851,232.449,4.90357,2.11915,0.811599,746.059,4.23445,232.355,124148
264,65536,53936,4.90835,2.11685,0.794498,186.164,4.29423,233.028,4.91797,2.12205,0.797598,684.792,4.29984,232.956,124676
265,65536,53913,4.93256,2.19448,0.790978,154.287,4.26892,232.733,4.94195,2.20002,0.793897,559.723,4.27442,232.684,124676
266,65536,53981,4.90383,2.1996,0.797238,131.888,4.25228,233.559,4.91221,2.20449,0.800828,470.915,4.25981,233.42,124676
267,65536,53939,4.94703,2.14044,0.800238,126.189,4.27268,233.267,4.95456,2.14449,0.803168,447.695,4.27894,233.177,124676
268,65536,53887,4.91938,2.04874,0.804368,219.371,4.25072,233.254,4.92664,2.05234,0.807198,794.308,4.25709,233.202,125468
269,65536,53666,4.87961,2.04374,0.830308,187.542,4.20918,232.387,4.8873,2.04753,0.833958,693.017,4.2159,232.31,125468
270,65536,53544,4.91884,2.12108,0.827318,251.917,4.24056,232.117,4.92648,2.12585,0.831168,949.528,4.24642,232.062,125468
271,65536,53747,4.94305,2.17292,0.785438,128.333,4.23989,233.136,4.95101,2.18106,0.788758,452.092,4.24624,233.03,125996
272,65536,53693,4.92261,2.1001,0.801788,122.125,4.22473,233.055,4.93197,2.10417,0.804488,431.393,4.23043,232.885,125996
273,65536,53689,4.96306,2.09138,0.781218,136.424,4.21217,233.205,4.97289,2.09706,0.783938,487.882,4.21932,233.128,125996
274,65536,53568,4.89346,2.06411,0.816429,119.111,4.19145,233.09,4.9014,2.0683,0.820168,419.676,4.19781,232.99,125996
275,65536,53280,4.94531,2.11501,0.850248,140.905,4.16416,231.65,4.9534,2.11902,0.854678,505.571,4.1711,231.562,125996
276,65536,53114,4.9071,2.15179,0.781438,167.069,4.17316,231.54,4.915,2.15607,0.784388,609.168,4.17914,231.429,126260
277,65536,53168,4.93437,2.1007,0.809519,216.042,4.16916,232.408,4.94203,2.10443,0.814468,800.964,4.17498,232.311,127316
278,65536,53359,4.90805,2.16612,0.779728,135.126,4.21674,233.085,4.9169,2.16958,0.783098,481.278,4.22241,233.035,127316
279,65536,53357,4.92922,2.21171,0.781677,164.434,4.22062,233.328,4.93812,2.2168,0.785507,598.683,4.2287,233.256,127316
280,65536,53328,4.9051,2.06129,0.777328,146.997,4.17841,233.717,4.91209,2.06517,0.780888,524.149,4.1856,233.637,128108
281,65536,53476,4.92449,2.09615,0.799208,191.817,4.22147,234.326,4.93192,2.10033,0.802308,707.58,4.22726,234.221,128108
282,65536,53481,4.93569,2.11659,0.776808,170.191,4.25493,234.505,4.94358,2.1213,0.779677,621.583,4.26184,234.385,128108
283,65536,53606,4.90565,2.13366,0.848709,147.128,4.24227,235.878,4.91296,2.13848,0.853378,527.174,4.24887,235.733,128108
284,65536,53814,4.9317,2.15161,0.788659,170.408,4.24825,236.333,4.93885,2.15577,0.791948,619.38,4.25536,236.203,128372
285,65536,53728,4.95301,2.12225,0.781518,196.011,4.27778,236.038,4.96047,2.12581,0.784707,723.542,4.24184,235.968,128636
286,65536,53286,4.93348,2.1328,0.771938,132.878,4.16737,234.283,4.94219,2.14164,0.775018,470.57,4.17268,234.144,128636
287,65536,53296,4.8878,2.1793,0.774597,172.558,4.21153,234.707,4.89717,2.18351,0.778097,628.296,4.21873,234.574,129428
288,65536,53261,4.92614,2.18601,0.815168,213.09,4.21865,234.714,4.93607,2.19078,0.817798,792.809,4.22614,234.64,129428
289,65536,53252,4.88757,2.10529,0.785288,195.848,4.20058,235.09,4.89694,2.11048,0.788998,721.195,4.20736,235,129692
290,65536,53294,4.93119,2.18681,0.783818,191.321,4.19188,235.445,4.94053,2.19163,0.786798,703.888,4.19796,235.321,129692
291,65536,53498,4.86954,2.19731,0.794718,260.528,4.20955,236.381,4.87771,2.20117,0.797758,979.781,4.21665,236.329,129956
292,65536,53542,4.94622,2.18325,0.798398,146.767,4.21962,236.737,4.95638,2.18882,0.802588,501.939,4.22452,236.675,130748
293,65536,53353,4.91728,2.18589,0.788838,126.327,4.19034,236.139,4.92605,2.19069,0.791708,444.837,4.19616,236.054,130748
294,65536,53501,4.888,2.17432,0.799688,119.144,4.2009,236.623,4.89558,2.17801,0.803398,415.775,4.20626,236.555,130748
295,65536,53715,4.89717,2.18919,0.812578,261.056,4.24095,237.956,4.90491,2.19381,0.816308,981.672,4.24855,237.841,131012
296,65536,53708,4.91188,2.14286,0.866259,275.928,4.25092,237.777,4.89512,2.14685,0.871629,1036.19,4.25661,237.709,131012
297,65536,53551,4.94582,2.14681,0.788258,161.986,4.20865,237.365,4.95526,2.15231,0.791168,586.396,4.21553,237.301,131276
298,65536,53273,4.92281,2.11107,0.782698,206.881,4.19586,236.228,4.93245,2.11672,0.785768,764.104,4.20105,235.95,131804
299,65536,53339,4.92765,2.10788,0.793538,441.24,4.20903,236.418,4.9363,2.11236,0.796838,1698.03,4.21503,236.324,131804
