scan,points_in,points_kept,read_ms,filter_ms,convert_ms,register_ms,transform_ms,integrate_ms,read_cpu_ms,filter_cpu_ms,convert_cpu_ms,register_cpu_ms,transform_cpu_ms,integrate_cpu_ms,rss_kb,done_ms
0,65536,57269,8.42389,2.8822,2.38621,40.2226,4.41744,337.644,8.43483,2.88764,2.39227,40.1944,4.42423,337.512,56296,396.593
1,65536,57111,6.66964,2.23694,0.8658,137.816,4.37874,282.695,6.67771,2.24184,0.871789,437.836,4.38731,282.632,65752,831.598
2,65536,57021,5.07032,2.30553,0.83293,131.87,4.36165,282.041,5.0794,2.3104,0.837059,423.751,4.37041,281.984,72532,1258.38
3,65536,57077,5.00718,2.25621,0.8063,177.77,4.33178,281.664,5.01513,2.26044,0.810448,618.554,4.33922,281.58,75964,1730.51
4,65536,56870,4.99486,2.36803,0.8343,183.223,4.2989,280.571,5.00308,2.37263,0.838148,645.907,4.30533,280.334,77548,2207.08
5,65536,56849,5.00196,2.30328,0.82489,276.055,4.32323,280.319,5.00993,2.30753,0.828318,1019.44,4.33013,280.232,78868,2776.2
6,65536,56913,5.12362,2.31874,0.81814,363.893,4.31047,280.558,5.07106,2.32414,0.822439,1364.39,4.31792,280.5,80452,3433.52
7,65536,56845,5.00568,2.28977,0.860061,599.206,4.30528,280.035,5.01418,2.29368,0.864919,2292.88,4.31288,279.916,80980,4325.53
8,65536,57058,5.0319,2.25047,0.866311,204.071,4.34554,280.883,5.0402,2.25421,0.870518,734.424,4.35126,280.742,81772,4823.25
9,65536,57260,4.99487,2.33206,0.82162,319.123,4.40252,281.992,5.0041,2.33662,0.825668,1189.63,4.41005,281.907,82828,5437.2
10,65536,57244,4.94942,2.12054,0.798379,473.63,4.39478,281.344,4.95705,2.12446,0.801288,1811.05,4.40193,281.193,83620,6204.73
11,65536,57069,5.05763,2.30447,0.8287,519.078,4.36355,280.429,5.06413,2.30803,0.832009,1994.83,4.37055,280.248,83884,7017.12
12,65536,56860,4.97921,2.19993,0.779369,356.017,4.35349,278.996,4.98681,2.20417,0.782678,1343.29,4.36153,278.911,84676,7664.75
13,65536,57051,5.05987,2.28282,0.83468,594.325,4.30635,280.14,5.0669,2.28698,0.839668,2293.5,4.31408,280.053,85204,8551.98
14,65536,57094,4.99872,2.30178,0.82568,452.556,4.30062,280.1,5.00813,2.30679,0.830559,1710.3,4.30883,279.977,85204,9297.37
15,65536,57406,5.02195,2.26671,0.791119,434.429,4.38325,281.18,5.02944,2.27098,0.795168,1659.08,4.39202,281.039,85468,10025.8
16,65536,57465,4.98375,2.23778,0.84483,483.172,4.37273,281.193,4.99081,2.24282,0.849319,1851.66,4.38133,281.078,85468,10802.9
17,65536,57277,5.01736,2.25926,0.800819,312.081,4.34161,280.29,5.02572,2.26404,0.804328,1167.7,4.34902,280.184,85996,11407.9
18,65536,57011,4.99271,2.33871,0.83367,456.273,4.30179,279.305,5.00156,2.34291,0.838288,1745.01,4.30943,279.073,86260,12156.3
19,65536,56997,4.97699,2.41215,0.81697,333.653,4.36443,279.258,4.9861,2.41731,0.820548,1256.92,4.32338,279.165,86260,12782
20,65536,56950,4.98675,2.1153,0.84817,256.477,4.2839,278.779,4.99514,2.12519,0.853398,943.692,4.29004,278.648,86788,13329.8
21,65536,57117,5.05909,2.27822,0.890991,351.961,4.37897,281.165,5.00458,2.28293,0.895729,1326.3,4.38595,280.996,87316,13975.9
22,65536,57196,5.01501,2.38742,0.82392,337.555,4.35607,280.221,5.02416,2.39111,0.827389,1271.49,4.36182,280.061,87316,14606.5
23,65536,57036,4.98471,2.54102,0.79612,364.071,4.31432,279.907,4.99329,2.5457,0.800908,1378.06,4.32108,279.806,87316,15263.4
24,65536,56726,4.98712,2.25543,0.78078,547.039,4.27875,277.137,4.99617,2.25954,0.783597,2109.08,4.28557,277.004,87316,16100.2
25,65536,56721,4.98701,2.2787,0.80187,435.986,4.27589,277.494,4.99756,2.28432,0.805938,1663.55,4.28287,277.302,87316,16826.3
26,65536,56873,4.9736,2.38798,0.82664,398.855,4.31834,278.483,4.98152,2.39335,0.830508,1514.28,4.32475,278.366,88108,17516.4
27,65536,57126,4.99746,2.21412,0.807549,312.58,4.34091,278.981,5.00777,2.21886,0.810768,1167.45,4.34962,278.843,89428,18120.7
28,65536,57137,5.08359,2.15725,0.83833,457.764,4.32082,280.674,5.04843,2.16118,0.841789,1736.63,4.32746,280.533,89428,18871.8
29,65536,57197,5.03115,2.3492,0.87116,504.681,4.34728,279.658,5.0408,2.3535,0.876699,1939.52,4.35537,279.505,89428,19669
30,65536,56945,5.06759,2.40391,0.80581,345.468,4.33016,278.363,5.07542,2.41192,0.809748,1303.09,4.33677,278.251,89428,20305.8
31,65536,56956,5.01131,2.26607,0.86561,522.65,4.33845,278.641,5.0192,2.27055,0.869979,2011.82,4.34648,278.565,89428,21119.9
32,65536,56949,5.05266,2.38076,0.831799,317.054,4.45995,278.551,5.06113,2.386,0.835118,1190.13,4.42415,278.419,89428,21728.5
33,65536,56930,5.01335,2.27981,0.79759,401.071,4.33637,278.278,5.02284,2.2851,0.801118,1524.3,4.34214,278.176,89428,22420.5
34,65536,56858,5.01285,2.157,0.81349,272.137,4.31405,278.585,5.02206,2.2166,0.821308,1010.61,4.32211,278.399,89428,22983.9
35,65536,56643,5.01738,2.32801,0.81616,534.598,4.31422,278.161,5.02559,2.33244,0.819878,2053.85,4.32063,278.084,90220,23809.4
36,65536,56494,4.96914,2.26609,0.78029,396.582,4.26003,277.349,4.97602,2.27019,0.784328,1504.54,4.26518,277.153,90484,24495.9
37,65536,56115,5.03892,2.29923,0.814309,401.922,4.25597,275.854,5.04859,2.30451,0.818628,1527.72,4.26182,275.689,90748,25186.3
38,65536,56176,5.11587,2.27862,0.786269,400.448,4.25369,275.958,5.06157,2.28294,0.789568,1520.65,4.25953,275.799,91540,25875.5
39,65536,56431,5.03246,2.31666,0.80093,551.517,4.39267,277.029,5.0408,2.32085,0.803918,2126.74,4.35343,276.855,91540,26716.8
40,65536,56454,5.03167,2.25996,0.786219,316.322,4.2626,278.037,5.03876,2.26459,0.790068,1177.15,4.26943,277.911,91540,27323.8
41,65536,56575,5.05833,2.31446,0.79713,361.467,4.28086,277.824,5.06799,2.3191,0.800758,1361.41,4.28592,277.757,91540,27976
42,65536,56711,5.03164,2.25862,0.77964,485.269,4.33753,278.903,5.04086,2.26289,0.783247,1815.57,4.34434,278.724,91540,28752.8
43,65536,56531,5.09503,2.23206,0.7886,501.658,4.26476,277.484,5.10443,2.23513,0.792528,1894.84,4.27056,277.28,92332,29544.7
44,65536,56577,5.06503,2.20862,0.778199,332.312,4.2816,277.713,5.07398,2.21325,0.782717,1248.62,4.28888,277.537,92332,30167.3
45,65536,56585,4.92215,2.24364,0.78858,692.923,4.25904,277.436,4.93053,2.24744,0.791818,2687.83,4.26615,277.286,93652,31150.2
46,65536,56443,4.93704,2.20182,0.83017,394.981,4.26995,276.683,4.94481,2.2069,0.835278,1502.03,4.27735,276.541,93652,31834.4
47,65536,56563,4.93353,2.20997,0.8521,424.914,4.28902,277.447,4.94096,2.21495,0.857149,1618.68,4.29641,277.328,93652,32549.3
48,65536,56463,4.96019,2.20613,0.805109,365.156,4.27866,276.864,4.96726,2.21074,0.809128,1382.3,4.28554,276.697,93652,33203.9
49,65536,56659,4.9591,2.25185,0.812729,522.608,4.35243,280.436,4.96859,2.25643,0.816478,2009.25,4.35859,280.191,93652,34019.6
50,65536,56687,4.9664,2.25516,0.78392,480.862,4.30665,278.096,4.97589,2.25982,0.787388,1844.76,4.31783,277.95,93652,34791.1
51,65536,56912,4.9368,2.2626,0.788509,462.304,4.35179,278.95,4.94556,2.26747,0.792128,1767.47,4.35883,278.8,93652,35545.1
52,65536,56863,4.99815,2.27384,0.80736,407.636,4.30095,278.87,5.00734,2.27803,0.811888,1548.13,4.31189,278.754,94444,36244.3
53,65536,56773,4.97822,2.40645,0.820549,501.671,4.3136,278.936,4.98763,2.36268,0.823988,1928.12,4.32104,278.656,94444,37037.7
54,65536,56491,4.92475,2.26512,0.824969,376.306,4.26838,277.261,4.93268,2.2696,0.828818,1427,4.27334,277.14,94444,37703.8
55,65536,56521,5.00972,2.17107,0.780379,303.691,4.27751,277.839,5.01926,2.17678,0.783898,1133.43,4.28473,277.648,95764,38297.9
56,65536,56542,4.94783,2.12915,0.82661,452.517,4.28213,278.688,4.95699,2.13377,0.831958,1730.8,4.28891,278.536,95764,39041.6
57,65536,56545,5.0117,2.25086,0.942291,365.584,4.34664,277.398,5.02121,2.25465,0.906399,1381.67,4.31814,277.279,95764,39697.4
58,65536,56542,5.03487,2.2711,0.81171,452.961,4.28317,277.945,5.04457,2.27538,0.816828,1730.82,4.28975,277.752,95764,40441
59,65536,56612,5.03192,2.26237,0.8245,654.652,4.30676,278.036,5.04117,2.26647,0.827958,2539.46,4.31461,277.897,95764,41386.4
60,65536,56751,4.93274,2.26968,0.83206,474.2,4.29616,278.604,4.94115,2.27382,0.836399,1818.52,4.30405,278.478,95764,42151.8
61,65536,56637,4.95671,2.30675,0.79492,412.591,4.30119,278.313,4.96648,2.31248,0.799448,1572.14,4.30795,278.152,95764,42855.4
62,65536,56818,4.95809,2.26616,0.809319,485.516,4.37549,278.995,4.96714,2.26996,0.813108,1862.31,4.3832,278.813,95764,43632.6
63,65536,56920,4.91625,2.32345,0.81907,344.544,4.33987,279.339,4.92466,2.32878,0.822748,1274.89,4.34648,278.991,96556,44269.2
64,65536,56791,5.01566,2.2715,0.80804,360.118,4.36734,278.154,5.02417,2.27559,0.812238,1362.63,4.37383,278.063,96556,44920.2
65,65536,56715,5.03243,2.1957,0.785589,602.796,4.31919,277.878,4.97907,2.20052,0.789578,2328.62,4.32613,277.687,96556,45813.5
66,65536,56383,4.96389,2.12385,0.77492,430.237,4.2779,276.553,4.97054,2.1285,0.778468,1638.6,4.28485,276.437,97348,46532.7
67,65536,56385,5.02325,2.24317,0.81236,492.589,4.33879,276.676,5.03064,2.2472,0.816638,1890.51,4.34569,276.492,97876,47314.7
68,65536,56333,4.9313,2.37861,0.829639,443.342,4.26683,276.421,4.94057,2.32836,0.833968,1694.26,4.27344,276.184,97876,48047.2
69,65536,56397,5.01745,2.26637,0.792709,388.386,4.26659,276.62,4.96193,2.27054,0.796718,1474.39,4.27491,276.43,97876,48724.8
70,65536,56419,4.95341,2.25982,0.777689,366.853,4.26958,276.664,4.95999,2.26338,0.781838,1363.6,4.27734,276.471,97876,49380.8
71,65536,56344,4.91566,2.22501,0.79795,669.12,4.26654,276.749,4.92233,2.23002,0.805778,2596.31,4.27176,276.368,97876,50339.2
72,65536,56321,4.91431,2.26205,0.797809,276.205,4.31571,276.397,4.9224,2.26687,0.801188,1028.29,4.32307,276.274,97876,50904.4
73,65536,56197,4.93637,2.2493,0.777849,394.577,4.29818,275.76,4.94694,2.25375,0.785708,1499.62,4.3048,275.56,97876,51587.3
74,65536,56276,4.91246,2.25176,0.78202,399.046,4.29009,276.721,4.92115,2.25586,0.785517,1518,4.296,276.374,97876,52275.6
75,65536,56375,4.95804,2.28363,0.81632,464.822,4.24617,276.644,4.96796,2.28837,0.820928,1777.73,4.25345,276.477,98668,53029.7
76,65536,56413,5.10308,2.24555,0.85081,470.045,4.25658,276.49,5.11075,2.25131,0.856258,1800.35,4.26888,276.307,98668,53789
77,65536,56426,5.02825,2.2146,0.79007,394.305,4.28659,276.592,5.03731,2.21903,0.793958,1474.73,4.29448,276.379,99724,54472.5
78,65536,56053,5.00115,2.39349,0.783289,381.366,4.26509,274.24,5.01191,2.39844,0.787168,1447.35,4.27062,274.067,99724,55140.8
79,65536,56290,5.07288,2.20175,0.784799,412.106,4.26613,274.773,5.08367,2.20586,0.789278,1569.73,4.2731,274.608,100516,55840.3
80,65536,56429,5.04765,2.25104,0.795439,352.295,4.29488,275.253,5.05757,2.25541,0.798718,1330.53,4.30226,274.979,100516,56480.6
81,65536,56411,5.02527,2.11193,0.797619,321.4,4.25453,274.433,5.03422,2.11685,0.802898,1209.3,4.2608,274.331,100516,57088.9
82,65536,56395,5.00088,2.1652,0.781169,335.432,4.26286,274.554,5.00854,2.16993,0.785528,1264.73,4.26995,274.386,100516,57711.4
83,65536,56347,4.94016,2.31484,0.786679,420.967,4.26125,274.54,4.94949,2.31911,0.790118,1605.31,4.26838,274.356,100516,58419.5
84,65536,56509,4.9815,2.33728,0.805009,439.23,4.28721,275.43,4.99015,2.29273,0.808848,1678.56,4.29428,275.307,100516,59146.9
85,65536,56464,4.93387,2.27561,0.79839,710.081,4.25111,274.978,4.94175,2.28021,0.801688,2762.75,4.25845,274.742,100516,60144.5
86,65536,56681,4.91965,2.26113,0.81013,386.314,4.30173,275.461,4.92868,2.26576,0.814368,1466.83,4.30892,275.359,100516,60818.9
87,65536,56882,4.90489,2.31102,0.783929,370.399,4.34852,275.914,4.91397,2.31586,0.788378,1395.65,4.35347,275.685,100516,61477.8
88,65536,56576,4.95321,2.19671,0.82775,675.209,4.2668,274.054,4.9611,2.20135,0.832058,2622.18,4.27452,273.81,100516,62439.6
89,65536,56243,4.95087,2.29078,0.821429,398.738,4.23446,271.583,4.95982,2.29545,0.825179,1515.11,4.24047,271.413,101308,63122.5
90,65536,55948,4.93768,2.37059,0.83772,568.67,4.23934,271.529,4.94613,2.33627,0.841289,2196.96,4.24651,271.356,101308,63975.4
91,65536,55979,4.90377,2.31282,0.82879,765.134,4.3072,269.607,4.91348,2.32104,0.832559,2982.69,4.31528,269.435,101308,65022.8
92,65536,56134,4.93509,2.34268,0.813709,342.885,4.24765,269.78,4.94335,2.34686,0.818138,1293.42,4.25377,269.59,101308,65648.1
93,65536,56097,4.93208,2.561,0.79754,307.436,4.25424,269.52,4.94581,2.56662,0.801508,1154.01,4.2599,269.206,101308,66237.9
94,65536,55960,4.92402,2.24217,0.848431,406.933,4.22349,268.17,4.93265,2.24732,0.853058,1550.9,4.23086,268.015,101308,66925.6
95,65536,55867,4.93097,2.16821,0.801789,545.411,4.22284,267.62,4.94315,2.1731,0.805878,2103.13,4.22993,267.426,101308,67751
96,65536,55914,4.92045,2.16132,0.786519,498.599,4.27062,267.751,4.92845,2.16594,0.790508,1914.02,4.27661,267.68,102628,68529.8
97,65536,55924,4.91539,2.11632,0.922741,334.77,4.25223,267.729,4.92406,2.12042,0.877149,1264.33,4.25948,267.583,102628,69144.8
98,65536,56167,4.96321,2.24254,0.81238,702.098,4.27134,268.121,4.97161,2.24643,0.816588,2729.9,4.27858,267.872,102628,70127.6
99,65536,56178,4.94956,2.27049,0.83032,397.385,4.26534,267.484,4.95812,2.27516,0.833658,1513.84,4.27246,267.355,102628,70805.1
100,65536,56222,4.9572,2.23866,0.814659,552.016,4.26921,266.821,4.96633,2.24299,0.818069,2131.81,4.27659,266.681,102628,71636.5
101,65536,55862,4.91275,2.35103,0.8177,384.817,4.30066,264.715,4.92185,2.32142,0.822139,1463.23,4.30655,264.368,102628,72298.7
102,65536,56058,4.93757,2.22818,0.787239,388.025,4.37417,265.006,4.94683,2.2327,0.790977,1475.07,4.31143,264.855,103156,72964.4
103,65536,55909,4.90512,2.29077,0.805339,512.893,4.27965,264.13,4.91475,2.29585,0.809628,1975.22,4.28568,263.934,103156,73754
104,65536,55858,4.96911,2.25769,0.84983,425.964,4.23174,263.462,4.97768,2.26149,0.855149,1605.02,4.23964,263.263,103156,74456
105,65536,55881,4.99518,2.28393,0.7907,303.741,4.24155,263.365,5.0052,2.28924,0.798438,1141.04,4.24942,263.209,103156,75035.7
106,65536,55981,4.96424,2.30191,0.81291,660.242,4.37758,263.831,4.97357,2.30649,0.815959,2560.66,4.3458,263.695,103156,75972.6
107,65536,55815,4.94052,2.313,0.80082,452.105,4.2226,263.045,4.95063,2.3184,0.805108,1732.26,4.23038,262.802,103156,76700.3
108,65536,55649,4.92531,2.28987,0.81581,542.25,4.21311,261.796,4.93553,2.29509,0.819728,2094.25,4.21955,261.678,103156,77516.9
109,65536,55950,4.95618,2.21789,0.771859,356.628,4.25182,263.059,4.96444,2.2218,0.775427,1352.9,4.25789,262.821,103156,78149.1
110,65536,56157,4.95551,2.11459,0.797789,448.585,4.29563,263.428,4.96286,2.11822,0.801618,1703.12,4.30107,263.28,103156,78873.6
111,65536,56088,4.93251,2.12986,0.80617,514.519,4.25681,262.882,4.94087,2.13383,0.809829,1962.45,4.2642,262.727,103156,79663.5
112,65536,55992,5.03017,2.14328,0.774119,377.661,4.27016,262.082,4.97508,2.14722,0.777448,1436.63,4.27839,261.767,103156,80315.7
113,65536,55778,4.9483,2.15207,0.776079,698.801,4.21699,260.597,4.958,2.15666,0.779868,2717.31,4.22346,260.363,103684,81287.5
114,65536,55722,4.91345,2.28359,0.82132,267.139,4.22581,260.197,4.92319,2.2885,0.825738,994.748,4.23658,260.07,103684,81827.4
115,65536,55820,4.93702,2.28077,0.801989,348.019,4.27196,260.366,4.94654,2.28514,0.805428,1314.68,4.27891,260.157,104212,82448.4
116,65536,55858,4.94859,2.28286,0.79761,350.27,4.23463,260.593,4.959,2.28845,0.801808,1327.68,4.24235,260.445,104212,83071.8
117,65536,55840,4.96367,2.61813,0.78456,694.002,4.21496,261.537,4.97377,2.62371,0.789407,2698.4,4.22024,261.414,104212,84040.2
118,65536,56058,4.9247,2.30432,0.811499,596.943,4.24596,261.692,4.93475,2.30916,0.815808,2309.21,4.25344,261.526,104212,84911.4
119,65536,55984,4.92094,2.33862,0.78496,397.714,4.29331,260.933,4.93036,2.34335,0.788958,1514.72,4.30148,260.861,104212,85582.7
120,65536,55769,4.95589,2.24593,0.77864,505.819,4.21161,260.273,4.96496,2.2508,0.782237,1943.76,4.22017,259.968,104212,86361.3
121,65536,55941,4.94082,2.19281,0.758999,369.021,4.25218,260.657,4.94986,2.2007,0.762417,1401.95,4.25792,260.571,104212,87003.5
122,65536,56012,4.90818,2.22624,0.774359,293.333,4.22045,260.801,4.9166,2.23154,0.778128,1100.54,4.22776,260.676,104212,87570
123,65536,55865,4.92867,2.10697,0.817109,507.82,4.34718,260.002,4.93689,2.11082,0.821838,1957.57,4.28235,259.792,104212,88350.3
124,65536,55861,4.91217,2.14543,0.908021,522.57,4.23674,260.174,4.91946,2.15092,0.91376,2002.59,4.24504,260.037,105004,89145.6
125,65536,55539,4.94735,2.23378,0.78884,496.636,4.24175,257.481,4.9551,2.23898,0.793088,1911.02,4.24727,257.357,105004,89912.2
126,65536,55534,4.96165,2.28201,0.79333,374.84,4.20162,256.917,4.91379,2.28713,0.796788,1426.99,4.20825,256.842,105004,90556.4
127,65536,55847,4.94518,2.2877,0.808839,343.793,4.2295,258.576,4.95525,2.29239,0.813118,1301.03,4.23643,258.399,105532,91171.4
128,65536,55980,4.91728,2.30242,0.801859,621,4.30449,258.772,4.92583,2.31074,0.805608,2409.13,4.31224,258.625,105532,92063.8
129,65536,55983,4.92178,2.305,0.80256,242.581,4.31319,258.419,4.9354,2.30972,0.806668,898.599,4.32048,258.273,105532,92577.4
130,65536,55892,4.91316,2.29738,0.789209,277.215,4.22232,257.692,4.92072,2.30128,0.793348,1036.86,4.22916,257.536,105532,93124.9
131,65536,55935,4.94342,2.23372,0.794089,552.765,4.328,257.459,4.95051,2.23771,0.797998,2141.56,4.28786,257.341,105532,93947.7
132,65536,55812,4.89181,2.1779,0.78065,405.498,4.27813,255.906,4.90075,2.18253,0.784818,1532.97,4.28685,255.836,105532,94621.5
133,65536,56063,4.94583,2.20078,0.83718,598.377,4.25088,256.622,4.95469,2.20486,0.841268,2320.43,4.25855,256.503,105532,95489.1
134,65536,56090,4.96749,2.10872,0.775559,338.55,4.2716,256.537,4.97592,2.11175,0.778698,1285.36,4.28161,256.397,106324,96096.6
135,65536,55917,5.01415,2.21338,0.78876,602.075,4.26416,254.895,5.00765,2.2184,0.794518,2337.83,4.27,254.726,106324,96966.2
136,65536,55927,4.91178,2.10869,0.82211,481.406,4.26217,254.34,4.92015,2.11321,0.827868,1856.52,4.26978,254.187,106324,97714.3
137,65536,55403,4.89469,2.11343,0.824949,580.529,4.21012,252.093,4.9024,2.11775,0.829388,2253.75,4.21734,252.016,106324,98559.3
138,65536,55445,4.91021,2.12468,0.773569,373.177,4.2315,252.365,4.91955,2.12858,0.781488,1425.19,4.23936,252.291,106324,99197.2
139,65536,55636,4.94971,2.09736,0.77291,309.246,4.27643,252.286,4.96229,2.1011,0.776838,1171,4.28258,252.095,106324,99771.1
140,65536,55656,4.89479,2.16301,0.792819,323.179,4.23001,252.621,4.90359,2.17111,0.795778,1226.42,4.236,252.428,106324,100359
141,65536,55662,4.99991,2.27798,0.801149,444.692,4.19371,252.431,4.94464,2.28277,0.804868,1711.55,4.20048,252.367,106324,101069
142,65536,55538,4.95385,2.20177,0.81519,386.957,4.18846,251.96,4.96248,2.20602,0.819199,1480.67,4.1952,251.767,106324,101720
143,65536,55370,4.94862,2.29423,0.81208,550.011,4.17722,249.928,4.95911,2.30056,0.816058,2131.71,4.18677,249.815,106324,102533
144,65536,55114,4.96668,2.24023,0.80095,367.713,4.17131,249.127,4.97534,2.24368,0.805178,1404.6,4.17849,249.015,106324,103162
145,65536,55418,4.91314,2.21709,0.944162,344.966,4.2097,250.527,4.91964,2.22177,0.899248,1312.6,4.21655,250.423,107116,103770
146,65536,55397,4.91439,2.22521,0.8356,396.298,4.20974,249.583,4.92287,2.23306,0.840928,1493.39,4.21578,249.465,107116,104429
147,65536,55295,4.93876,2.26768,0.80135,299.587,4.22196,247.91,4.94883,2.2722,0.804738,1133.55,4.23051,247.86,107116,104989
148,65536,55380,5.06003,2.21889,0.782919,404.259,4.25018,247.019,5.00429,2.22352,0.786268,1543.07,4.21159,246.914,107644,105653
149,65536,54851,4.92522,2.11855,0.780979,808.935,4.15443,244.969,4.93591,2.12309,0.784207,3167.82,4.16143,244.917,107644,106719
150,65536,54967,4.90734,2.19634,0.761799,340.633,4.29833,245.408,4.91614,2.2009,0.765118,1299.01,4.257,245.299,107644,107317
151,65536,55229,4.92948,2.15466,0.768769,305.613,4.19971,245.295,4.93865,2.1587,0.772257,1159.24,4.20567,245.247,107644,107880
152,65536,55200,4.87478,2.22022,0.765249,298.179,4.18521,244.539,4.88219,2.2243,0.768118,1129.41,4.19194,244.401,107644,108435
153,65536,55022,4.89515,2.19913,0.783729,402.307,4.16951,244.081,4.90374,2.20414,0.787168,1543.74,4.175,244.014,107644,109094
154,65536,54786,4.908,2.30667,0.966092,377.027,4.2118,242.312,4.91429,2.31224,0.971869,1444.17,4.21909,242.25,107644,109726
155,65536,54708,4.8885,2.15993,0.82307,444.416,4.15006,241.797,4.8959,2.16393,0.828448,1712.9,4.15575,241.648,107644,110425
156,65536,54905,4.95446,2.15677,0.771219,297.215,4.16378,241.364,4.9617,2.16148,0.774918,1126.88,4.16921,241.261,107644,110976
157,65536,54909,4.87032,2.23548,0.775309,290.558,4.16079,241.435,4.87886,2.24019,0.778368,1098.13,4.16667,241.392,107644,111520
158,65536,54899,4.90432,2.21576,0.77344,347.745,4.17552,240.531,4.91425,2.22103,0.777018,1328.79,4.1821,240.472,107644,112121
159,65536,54676,4.87897,2.19847,0.763459,294,4.1707,238.989,4.8926,2.20428,0.766448,1110.86,4.1804,238.92,107908,112666
160,65536,54486,4.92282,2.13308,0.79881,376.729,4.1011,238.402,4.93034,2.13748,0.802818,1443.93,4.10771,238.313,108172,113293
161,65536,54328,4.96247,2.144,0.755339,592.409,4.13119,238.749,4.97041,2.14824,0.759608,2304.82,4.13744,238.645,108436,114137
162,65536,54538,5.05305,2.14789,0.771679,278.361,4.14635,237.661,4.97864,2.15201,0.779737,1052.66,4.15292,237.583,108436,114665
163,65536,54528,4.95683,2.14219,0.771769,138.356,4.10261,237.479,4.96507,2.14599,0.775698,494.445,4.10971,237.379,108436,115053
164,65536,54361,4.98233,2.12751,0.747558,351.321,4.0984,236.753,4.99091,2.13099,0.751308,1340.89,4.10849,236.697,108436,115654
165,65536,54361,4.93295,2.14908,0.744849,377.491,4.09563,236.577,4.94141,2.15274,0.748298,1449.13,4.10279,236.431,108436,116280
166,65536,54464,5.01946,2.20083,0.744869,567.739,4.12559,236.632,5.02805,2.20534,0.748357,2209.55,4.13214,236.539,108700,117097
167,65536,54473,4.99178,2.17978,0.751959,229.487,4.12583,236.091,5.00165,2.18545,0.755018,858.056,4.13154,236.015,108964,117574
168,65536,54503,4.99933,2.20273,0.749319,350.071,4.1528,236.382,5.00616,2.20628,0.752567,1339.37,4.15941,236.25,109228,118173
169,65536,54541,5.00164,2.24357,0.754419,197.793,4.12562,236.318,5.00926,2.24753,0.762537,732.3,4.13131,236.24,109492,118620
170,65536,54481,5.02172,2.11874,0.77871,297.534,4.19504,236.662,5.03134,2.12374,0.782098,1132.06,4.15934,236.574,109492,119166
171,65536,54254,5.02252,2.16428,0.77468,188.697,4.11901,234.046,5.03044,2.16784,0.778158,697.836,4.12554,233.991,109492,119602
172,65536,53921,5.06624,2.12035,0.741819,461.536,4.10609,232.993,5.07547,2.1257,0.745157,1786.89,4.1133,232.851,109492,120308
173,65536,53879,5.00722,2.20215,0.761529,190.571,4.12056,232.642,5.01615,2.20653,0.764598,703.546,4.1311,232.586,109756,120744
174,65536,53972,5.08059,2.16736,0.746529,322.742,4.0956,233.123,5.09013,2.17201,0.749357,1232.51,4.10202,233.001,109756,121312
175,65536,53919,5.02484,2.26311,0.757629,135.491,4.10388,232.818,5.03341,2.21824,0.761628,483.858,4.11143,232.768,109756,121693
176,65536,53973,5.00846,2.11901,0.740609,166.404,4.08964,232.781,5.01663,2.12286,0.744727,609.042,4.09699,232.709,110020,122104
177,65536,53727,5.0453,2.09165,0.738139,299.906,4.05823,231.478,5.05505,2.09615,0.740827,1141.46,4.06535,231.427,110020,122648
178,65536,53518,4.99267,2.08458,0.752849,159.562,4.05021,230.824,5.00121,2.08928,0.760237,582.345,4.05658,230.693,110020,123051
179,65536,53612,4.99354,2.15844,0.735059,322.329,4.0762,230.81,5.00211,2.16255,0.738867,1232.97,4.08305,230.731,110284,123616
180,65536,53447,5.05333,2.08548,0.757849,176.924,4.04946,230.147,5.06204,2.09062,0.760998,652.535,4.05659,230.042,110284,124035
181,65536,53257,5.01664,2.0803,0.740929,199.617,4.06895,229.065,5.02551,2.08407,0.744577,720.183,4.07613,229.016,110548,124476
182,65536,53233,5.06295,2.09801,0.737329,320.556,4.04754,228.738,5.07146,2.10279,0.741058,1226.49,4.05446,228.66,110548,125038
183,65536,52883,5.01758,2.01614,0.721748,128.938,4.01325,227.494,5.02489,2.02027,0.724927,455.029,4.01956,227.403,110812,125406
184,65536,53031,4.99921,2.03676,0.763109,188.401,4.0179,228.218,5.00563,2.04108,0.767738,699.677,4.02449,228.091,111076,125835
185,65536,53263,5.00608,2.17157,0.725449,102.615,4.06786,229.574,5.01436,2.17608,0.729237,356.042,4.07522,229.458,111076,126179
186,65536,53344,5.03642,2.087,0.731529,169.958,4.03111,229.691,5.04586,2.09264,0.734858,625.011,4.03923,229.644,111340,126591
187,65536,53284,5.02815,2.16504,0.732449,113.566,4.01741,229.649,5.03569,2.16951,0.735587,400.319,4.02382,229.525,111340,126947
188,65536,53340,4.99869,2.08324,0.722499,106.764,4.03189,230.094,5.00584,2.0873,0.725377,373.581,4.03926,229.996,111340,127296
189,65536,53179,4.98223,2.17112,0.724308,136.266,4.02236,229.439,4.99083,2.17552,0.727758,487.782,4.02938,229.357,111604,127673
190,65536,53183,4.98024,2.11135,0.726579,94.3535,4.02174,229.518,4.9879,2.11509,0.734247,323.244,4.02909,229.444,111604,128009
191,65536,53572,4.99058,2.16678,0.728868,238.891,4.07191,231.475,4.99863,2.17095,0.732457,900.033,4.07977,231.427,111604,128492
192,65536,53726,5.06617,2.11876,0.736629,180.63,4.03863,231.978,5.00973,2.12801,0.740558,666.312,4.04569,231.867,111604,128917
193,65536,53543,4.96864,2.11625,0.731179,67.3732,4.05319,231.438,4.97679,2.12041,0.734588,215.642,4.06047,231.283,111868,129228
194,65536,53295,4.99733,2.1541,0.751249,158.107,4.03455,229.956,5.00638,2.15775,0.755607,578.249,4.04056,229.908,111868,129628
195,65536,53288,5.02664,2.14411,0.737559,120.008,4.01009,230.279,5.03599,2.14902,0.740908,425.359,4.01762,230.206,111868,129991
196,65536,53328,4.98445,2.18424,0.749789,147.09,4.02975,230.172,4.99166,2.1884,0.753408,533.896,4.03542,230.003,112132,130380
197,65536,53457,4.96268,2.17028,0.751139,108.35,4.01526,230.921,4.97159,2.17461,0.754478,378.688,4.02234,230.862,112132,130732
198,65536,53531,5.00417,2.179,0.761119,72.716,4.05988,231.441,5.01376,2.18357,0.765088,237.086,4.06586,231.359,112396,131048
199,65536,53511,4.99831,2.17066,0.730279,149.364,4.05204,231.219,5.00739,2.17484,0.733547,542.079,4.06151,231.132,112396,131441
200,65536,53484,4.97779,2.11542,0.747459,68.6754,4.08106,231.226,4.9854,2.11978,0.751108,220.481,4.08925,231.178,112396,131753
201,65536,53121,4.99252,2.13643,0.730429,56.5745,3.99004,229.681,5.00059,2.1405,0.739058,172.643,3.99694,229.544,112660,132051
202,65536,53155,4.93882,2.16702,0.723399,115.313,4.01725,229.804,4.948,2.1714,0.727537,404.634,4.02387,229.662,112660,132409
203,65536,53195,5.02865,2.11816,0.728348,101.949,4.0351,230.234,5.03604,2.12274,0.731487,353.743,4.0406,230.182,112924,132753
204,65536,53099,5.02224,2.10499,0.724258,164.009,4.00968,229.697,4.97976,2.10869,0.728007,601.755,4.01671,229.625,112924,133159
205,65536,53114,4.9768,2.17443,0.746799,150.767,4.01263,229.9,4.98469,2.17842,0.749947,549.048,4.01783,229.849,112924,133552
206,65536,52688,4.97839,2.15914,0.724749,107.242,3.99287,227.608,4.98758,2.16376,0.727897,374.266,3.99885,227.558,113188,133899
207,65536,52901,5.05058,2.15761,0.721909,167.188,4.02519,228.989,4.98253,2.16171,0.725547,615.054,4.03039,228.854,113188,134307
208,65536,53129,4.95144,2.16886,0.737079,116.566,4.01607,229.717,4.95965,2.17313,0.740687,411.163,4.02146,229.667,113452,134666
209,65536,53142,4.9258,2.13878,0.736159,214.336,4.02785,229.596,4.93617,2.14297,0.739538,802.136,4.03511,229.52,113452,135122
210,65536,53358,4.88076,2.10731,0.786879,115.525,4.05393,230.871,4.8905,2.11185,0.789998,408.156,4.0608,230.75,113716,135480
211,65536,53618,4.97216,2.17879,0.745249,141.29,4.04584,231.633,4.98184,2.18354,0.748728,510.681,4.05364,231.585,113716,135865
212,65536,53554,4.95946,2.13422,0.735559,164.464,4.10076,231.503,4.96675,2.13792,0.738838,602.821,4.1065,231.387,113980,136273
213,65536,53691,4.94925,2.12879,0.729068,179.675,4.05556,232.072,4.95655,2.13302,0.733158,663.297,4.06264,232.023,113980,136697
214,65536,54025,4.97491,2.15037,0.724609,112.072,4.07717,233.766,4.9829,2.15525,0.728377,393.69,4.08424,233.595,114244,137055
215,65536,54235,4.93395,2.19987,0.744479,93.5806,4.10291,234.666,4.94213,2.20481,0.747377,317.576,4.11048,234.574,114244,137396
216,65536,54258,4.96991,2.20597,0.750929,218.36,4.15547,234.702,4.97932,2.20997,0.754228,819.018,4.16104,234.626,114508,137861
217,65536,54166,4.96173,2.16289,0.732599,239.728,4.11918,234.916,4.97285,2.16661,0.736518,904.024,4.12689,234.772,114508,138348
218,65536,53618,4.93717,2.19966,0.743469,141.891,4.06346,232.158,4.94627,2.20822,0.746927,507.701,4.06964,232.108,114772,138734
219,65536,53780,4.97219,2.07287,0.79798,177.697,4.08636,233.093,4.97884,2.0769,0.802408,654.909,4.09339,233.012,115300,139157
220,65536,53962,4.96772,2.07757,0.749839,85.78,4.09779,233.926,4.97496,2.0822,0.754717,264.305,4.10438,233.879,115300,139489
221,65536,53833,4.98329,2.08053,0.755309,117.256,4.08548,233.732,4.99137,2.08489,0.759338,415.24,4.09206,233.655,115300,139852
222,65536,53890,4.96564,2.29733,0.785679,106.533,4.09249,233.591,4.97489,2.30225,0.789328,370.373,4.09981,233.54,115564,140205
223,65536,53990,4.9725,2.27719,0.756689,253.431,4.12088,234.398,4.98015,2.28163,0.760788,956.398,4.12736,234.33,115828,140705
224,65536,53948,4.9983,2.14366,0.736988,90.3551,4.1028,234.627,5.00672,2.14803,0.740858,305.202,4.10884,234.544,116356,141042
225,65536,54014,4.93516,2.28786,0.780689,97.0185,4.16184,234.732,4.94267,2.24232,0.784598,331.242,4.16877,234.633,116884,141387
226,65536,54279,4.99171,2.2064,0.760209,105.924,4.1702,235.824,4.94606,2.21049,0.764527,361.278,4.17664,235.777,116884,141741
227,65536,53925,4.99959,2.18638,0.78856,147.19,4.13954,234.347,5.00624,2.19026,0.792078,533.94,4.14557,234.228,116884,142135
228,65536,53761,4.88205,2.12362,0.750429,131.769,4.13199,233.723,4.88963,2.1279,0.753028,473.005,4.1377,233.675,116884,142512
229,65536,53379,4.96531,2.32356,0.761419,79.5273,4.09899,232.062,4.97394,2.32903,0.765377,260.691,4.10553,231.988,117676,142836
230,65536,53697,4.97051,2.2558,0.784189,143.398,4.07414,233.871,4.97996,2.26118,0.788238,517.485,4.08116,233.765,117676,143226
231,65536,53751,4.94671,2.34088,0.8076,68.963,4.11371,234.129,4.89463,2.34534,0.813208,214.954,4.12035,234.082,117676,143542
232,65536,53874,4.96575,2.12294,0.734079,147.162,4.12301,234.869,4.97321,2.12738,0.737337,529.418,4.13148,234.793,118732,143936
233,65536,53975,4.97689,2.40394,0.771149,125.247,4.12539,235.706,4.98633,2.40878,0.774897,445.064,4.13396,235.508,118732,144309
234,65536,53954,4.94017,2.18632,0.782589,81.1534,4.09138,235.295,4.94745,2.19052,0.790168,267.792,4.09777,235.214,118732,144638
235,65536,54040,4.93085,2.26786,0.80523,120.482,4.10745,235.79,4.93803,2.27203,0.810308,426.754,4.11436,235.714,118732,145007
236,65536,53831,4.94908,2.25263,0.772869,118.142,4.17898,234.869,4.95649,2.26076,0.776787,413.364,4.14515,234.733,118732,145372
237,65536,53855,4.95616,2.15588,0.81769,196.063,4.08683,235.095,4.965,2.16011,0.821648,729.233,4.09432,235.044,118732,145816
238,65536,53826,4.91345,2.18564,0.752139,135.163,4.09839,235.336,4.92226,2.19045,0.755767,484.058,4.10355,235.207,118732,146198
239,65536,53824,4.90735,2.16193,0.786049,118.938,4.09461,235.346,4.91483,2.1663,0.790008,417.834,4.1017,235.294,119524,146565
240,65536,53704,4.95119,2.1877,0.742979,112.413,4.10629,234.957,4.95913,2.19154,0.746987,392.531,4.11433,234.791,119524,146925
241,65536,53659,4.94169,2.23563,0.732079,114.449,4.10568,234.863,4.95071,2.24119,0.735477,401.8,4.11198,234.738,119524,147286
242,65536,53542,4.94044,2.06686,0.78303,113.772,4.15462,234.36,4.94797,2.07157,0.788268,397.372,4.16323,234.254,119524,147647
243,65536,53488,4.88748,2.13734,0.734179,85.518,4.08003,234.347,4.89449,2.14166,0.738557,286.958,4.09108,234.248,119524,147979
244,65536,53637,4.92357,2.21335,0.774419,203.402,4.05111,235.329,4.93137,2.21673,0.777728,749.419,4.05692,235.155,120580,148430
245,65536,53724,4.91813,2.1658,0.735338,124.443,4.1471,235.49,4.9258,2.16958,0.740167,442.156,4.10172,235.37,120580,148802
246,65536,53854,4.93664,2.14158,0.737419,180.038,4.06824,236.486,4.94763,2.14525,0.741418,662.141,4.07402,236.355,120580,149230
247,65536,53609,5.05933,2.19744,0.766739,146.445,4.07094,235.54,5.06652,2.20108,0.770367,529.233,4.08225,235.419,120580,149625
248,65536,53633,4.95379,2.157,0.747289,204.404,4.03409,235.706,4.95974,2.16147,0.750468,761.687,4.04138,235.601,120580,150077
249,65536,53827,4.95629,2.1269,0.740599,138.611,4.07491,236.537,4.96347,2.13129,0.745167,495.331,4.08164,236.343,120580,150464
250,65536,54038,4.96655,2.09689,0.745829,155.03,4.09013,237.686,4.97564,2.10207,0.749598,562.727,4.09581,237.515,120580,150869
251,65536,53969,4.96122,2.05332,0.725569,195.972,4.05617,237.39,4.96972,2.05802,0.729378,724.878,4.06398,237.272,121372,151315
252,65536,53495,4.944,2.17291,0.739179,116.88,4.05834,235.59,4.95155,2.17654,0.742337,409.703,4.06506,235.52,121372,151679
253,65536,53330,4.94055,2.25255,0.758009,244.467,4.02967,234.707,4.94982,2.2077,0.761738,920.291,4.03978,234.65,121372,152171
254,65536,53345,4.93399,2.0697,0.747299,154.55,4.01942,235.028,4.94257,2.07376,0.750588,558.163,4.02811,234.957,122428,152572
255,65536,53544,4.93382,2.0886,0.742869,249.125,4.12313,236.049,4.94248,2.0939,0.746558,937.953,4.1327,235.922,122428,153070
256,65536,53588,4.94561,2.15426,0.789239,164.447,4.20158,236.024,4.95355,2.15911,0.794128,600.901,4.15232,235.97,122428,153483
257,65536,53709,4.92074,2.18491,0.762659,155.907,4.08683,237.089,4.92925,2.18906,0.770528,564.895,4.09287,236.989,122428,153888
258,65536,53861,4.89356,2.20328,0.753569,165.484,4.07846,238.182,4.90195,2.20804,0.757057,604.309,4.0856,237.965,122428,154304
259,65536,53659,4.92908,2.15691,0.752449,158.869,4.06614,237.058,4.93855,2.16226,0.755768,577.858,4.07215,236.96,122428,154712
260,65536,53890,4.92399,2.18914,0.753799,95.6852,4.08374,238.471,4.93267,2.19451,0.757068,325.837,4.09049,238.333,122428,155058
261,65536,53972,4.90915,2.14355,0.878511,195.191,4.11227,238.752,4.91716,2.14846,0.839339,717.607,4.11845,238.698,123220,155505
262,65536,54100,4.91692,2.20742,0.762369,156.083,4.08813,239.017,4.92582,2.21277,0.765828,566.864,4.09555,238.947,123220,155912
263,65536,53844,4.96313,2.23211,0.744109,202.891,4.07787,237.736,4.97204,2.23658,0.748327,751.614,4.08838,237.617,124012,156365
264,65536,53936,5.02345,2.13509,0.751949,187.027,4.1391,238.542,4.9702,2.13875,0.755977,688.415,4.14607,238.427,124540,156803
265,65536,53913,4.94214,2.21024,0.763859,154.808,4.10265,238.147,4.95033,2.21491,0.768177,561.589,4.10977,238.035,124540,157208
266,65536,53981,4.93556,2.23474,0.779779,132.616,4.0939,238.733,4.94499,2.24004,0.784018,473.493,4.10056,238.683,124540,157592
267,65536,53939,4.95059,2.24738,0.772569,126.429,4.13867,238.62,4.95905,2.25227,0.776748,447.861,4.14438,238.546,124540,157969
268,65536,53887,4.93672,2.25503,0.769149,213.597,4.08527,238.813,4.94416,2.25964,0.773948,795.641,4.09145,238.698,124540,158434
269,65536,53666,4.9577,2.13735,0.781079,188.637,4.0562,237.85,4.96572,2.14242,0.785748,697.046,4.06241,237.732,124540,158873
270,65536,53544,5.01169,2.15312,0.761549,252.938,4.04245,238.073,5.01895,2.15673,0.766188,953.55,4.04857,237.972,124540,159376
271,65536,53747,4.93917,2.18172,0.752099,127.724,4.06801,238.55,4.94813,2.14371,0.755388,453.548,4.07536,238.479,124540,159755
272,65536,53693,4.93966,2.05724,0.790799,124.513,4.074,238.458,4.94779,2.06169,0.795938,437.301,4.08116,238.32,125332,160130
273,65536,53689,4.899,2.31851,0.751789,137.78,4.04949,238.699,4.90733,2.32344,0.755077,493.41,4.05726,238.612,125332,160518
274,65536,53568,4.9451,2.17867,0.903071,119.776,4.08141,238.281,4.95219,2.1837,0.862188,421.272,4.08762,238.153,125332,160889
275,65536,53280,4.97683,2.12185,0.753429,142.624,4.04122,237.38,4.9439,2.12653,0.757828,509.477,4.04839,237.205,126124,161281
276,65536,53114,4.97007,2.05363,0.737158,168.072,4.04565,237.244,4.97727,2.05772,0.740577,613.482,4.05342,237.134,126124,161698
277,65536,53168,4.94378,2.14568,0.798,217.518,4.01332,237.892,4.95534,2.15003,0.802978,807.544,4.01924,237.792,126388,162166
278,65536,53359,4.93392,2.33392,0.808849,136.087,4.06776,238.873,4.94117,2.33953,0.814598,484.453,4.07366,238.816,126388,162553
279,65536,53357,4.91143,2.05089,0.747149,165.249,4.06092,238.996,4.91942,2.05523,0.750077,601.362,4.06709,238.88,126388,162970
280,65536,53328,4.91145,2.12787,0.723258,146.776,4.10645,239.203,4.93671,2.13252,0.726987,525.259,4.06891,239.09,127180,163368
281,65536,53476,4.92107,2.17748,0.733388,191.923,4.07852,239.873,4.93083,2.18266,0.736618,707.977,4.08551,239.822,127180,163812
282,65536,53481,4.93005,2.22326,0.768539,171.11,4.07707,240.099,4.93937,2.22767,0.772498,624.398,4.0833,239.958,127180,164235
283,65536,53606,4.92041,2.20865,0.752799,154.392,4.06972,241.227,4.92922,2.21303,0.756248,534.023,4.07539,241.17,127180,164643
284,65536,53814,4.87063,2.18205,0.753639,170.462,4.08065,241.942,4.87853,2.18565,0.756648,621.246,4.08896,241.803,127444,165068
285,65536,53728,4.93951,2.18565,0.744799,199.026,4.0557,241.582,4.94926,2.19068,0.748058,731.35,4.0623,241.504,127708,165520
286,65536,53286,4.95193,2.17861,0.732659,133.966,4.0259,239.705,4.96104,2.18265,0.735967,474.432,4.03277,239.608,127972,165906
287,65536,53296,4.93828,2.12145,0.8491,173.541,4.03756,240.267,4.94543,2.12646,0.807509,632.205,4.04503,240.111,128236,166332
288,65536,53261,4.93527,2.09207,0.737739,215.082,4.16774,240.152,4.94449,2.09755,0.741658,798.373,4.12661,240.1,128500,166800
289,65536,53252,4.93061,2.16911,0.744059,197.033,4.11598,240.708,4.94001,2.17342,0.747707,726.525,4.12463,240.541,128764,167250
290,65536,53294,4.91564,2.13435,0.786699,191.818,4.02495,240.797,4.92329,2.13794,0.791118,706.617,4.03276,240.745,128764,167695
291,65536,53498,4.89528,2.24367,0.742649,263.71,4.06808,241.748,4.90304,2.19971,0.746108,990.632,4.07714,241.693,129028,168212
292,65536,53542,4.90675,2.17891,0.726398,140.77,4.05078,242.333,4.91553,2.18387,0.730178,501.755,4.05736,242.232,129292,168608
293,65536,53353,4.88944,2.10311,0.756189,127.383,4.06246,241.483,4.89796,2.11143,0.759388,447.65,4.06913,241.362,129556,168988
294,65536,53501,4.95975,2.20002,0.732608,119.796,4.07086,242.193,4.96974,2.20543,0.736317,417.962,4.07806,242.068,129820,169363
295,65536,53715,5.00021,2.11578,0.747159,272.969,4.06256,243.188,4.93294,2.11901,0.750197,988.639,4.06927,243.105,130084,169891
296,65536,53708,4.88419,2.18152,0.771509,275.946,4.08007,243.277,4.89221,2.18477,0.774758,1041.23,4.08751,243.083,130348,170422
297,65536,53551,4.87643,2.1418,0.766359,162.644,4.05663,242.69,4.88388,2.14551,0.771368,589.162,4.06286,242.578,130612,170840
298,65536,53273,4.9705,2.13472,0.736589,207.234,4.04312,241.309,4.9804,2.1395,0.739788,766.801,4.04919,241.133,130612,171301
299,65536,53339,5.00238,2.04419,0.746289,440.676,4.01784,241.725,5.01036,2.04908,0.750458,1697.97,4.02566,241.58,130876,171995
